ID,Video,Date,Flower,Time,Hummingbird,Sex,Pierce,
FL001,130601AA,6/1/2013,Heliconia virginalis,6:24:46,White-whiskered Hermit,,,
FL001,130601AA,6/1/2013,Heliconia virginalis,6:28:07,Green-crowned Woodnymph,,,
FL001,130601AA,6/1/2013,Heliconia virginalis,6:55:28,White-whiskered Hermit,,,
FL001,130601AA,6/1/2013,Heliconia virginalis,7:03:11,Stripe-throated Hermit,,,
FL001,130601AA,6/1/2013,Heliconia virginalis,7:35:41,Stripe-throated Hermit,,,
FL001,130601AA,6/1/2013,Heliconia virginalis,7:51:47,White-whiskered Hermit,,,
FL001,130601AA,6/1/2013,Heliconia virginalis,8:45:56,White-whiskered Hermit,,,
FL001,130601AA,6/1/2013,Heliconia virginalis,8:49:01,Stripe-throated Hermit,,,
FL001,130601AA,6/1/2013,Heliconia virginalis,8:55:48,Green-crowned Woodnymph,,,
FL001,130601AA,6/1/2013,Heliconia virginalis,9:17:40,Stripe-throated Hermit,,,
FL001,130601AA,6/1/2013,Heliconia virginalis,9:23:03,White-whiskered Hermit,,,
FL001,130601AA,6/1/2013,Heliconia virginalis,9:51:02,Green-crowned Woodnymph,,,
FL001,130601AA,6/1/2013,Heliconia virginalis,9:59:35,White-whiskered Hermit,,,
FL001,130601AB,6/1/2013,Heliconia virginalis,10:20:03,White-whiskered Hermit,,,
FL001,130601AB,6/1/2013,Heliconia virginalis,10:31:36,White-whiskered Hermit,,,
FL001,130601AB,6/1/2013,Heliconia virginalis,11:33:15,White-whiskered Hermit,,,
FL001,130601AB,6/1/2013,Heliconia virginalis,13:05:29,Green-crowned Woodnymph,,,
FL001,130602AA,6/2/2013,Heliconia virginalis,6:26:09,White-whiskered Hermit,,,
FL001,130602AA,6/2/2013,Heliconia virginalis,6:53:51,Green-crowned Woodnymph,,,
FL001,130602AA,6/2/2013,Heliconia virginalis,7:22:42,Stripe-throated Hermit,,,
FL003,130601AB,6/1/2013,Columnea picta,13:11:27,White-whiskered Hermit,,,
FL003,130601AB,6/1/2013,Columnea picta,13:30:08,Stripe-throated Hermit,,,
FL005,130602AA,6/2/2013,Palicourea demissa,7:14:13,White-necked Jacobin,,,
FL026,130615AA,6/15/2013,Heliconia burleana,6:32:34,Tawny-bellied Hermit,,,
FL026,130615AA,6/15/2013,Heliconia burleana,7:57:03,Tawny-bellied Hermit,,,
FL026,130615AA,6/15/2013,Heliconia burleana,9:56:18,Tawny-bellied Hermit,,,
FL026,130615AB,6/15/2013,Heliconia burleana,17:36:32,Brown Inca,,,
FL026,130616AA,6/16/2013,Heliconia burleana,8:20:11,UKWN,,,
FL026,130616AA,6/16/2013,Heliconia burleana,8:36:41,Tawny-bellied Hermit,,,
FL027,130615AA,6/15/2013,Drymonia collegarum,8:22:08,Tawny-bellied Hermit,,,
FL027,130616AB,6/16/2013,Drymonia collegarum,14:51:45,Tawny-bellied Hermit,,,
FL028,130615AA,6/15/2013,Columnea Strigosa,7:46:40,UKWN,,,
FL028,130615AA,6/15/2013,Columnea Strigosa,8:30:33,UKWN,,,
FL028,130616AA,6/16/2013,Columnea Strigosa,7:24:43,UKWN,,,
FL029,130616AA,6/16/2013,Palicourea acetosoides,9:30:04,Brown Inca,,,
FL030,130615AA,6/15/2013,Psammisia ulbrichiana,8:26:52,Brown Inca,,,
FL030,130615AB,6/15/2013,Psammisia ulbrichiana,17:06:45,Brown Inca,,,
FL030,130616AA,6/16/2013,Psammisia ulbrichiana,6:30:03,Brown Inca,,,
FL030,130616AA,6/16/2013,Psammisia ulbrichiana,9:24:05,Brown Inca,,,
FL030,130616AA,6/16/2013,Psammisia ulbrichiana,17:04:32,Brown Inca,,,
FL030,130616AA,6/16/2013,Psammisia ulbrichiana,17:17:50,Violet-tailed Sylph,,,
FL031,130619AA,6/19/2013,Drymonia tuescheri,9:23:29,Violet-tailed Sylph,M,,
FL031,130620AA,6/20/2013,Drymonia tuescheri,7:04:20,Violet-tailed Sylph,F,,
FL031,130620AA,6/20/2013,Drymonia tuescheri,8:03:53,Violet-tailed Sylph,F,,
FL031,130620AA,6/20/2013,Drymonia tuescheri,9:13:18,Violet-tailed Sylph,F,,
FL031,130620AB,6/20/2013,Drymonia tuescheri,15:01:56,Violet-tailed Sylph,F,,
FL032,130615AB,6/15/2013,Centropogon solanifolius,16:20:07,Tawny-bellied Hermit,,,
FL032,130616AA,6/16/2013,Centropogon solanifolius,6:32:30,Tawny-bellied Hermit,,,
FL033,130615AA,6/15/2013,Fucshia macrostigma,5:52:41,UKWN,,Y,
FL035,130615AA,6/15/2013,Palicourea lineata,15:41:13,Gorgeted Sunangel,,,
FL035,130615AA,6/16/2013,Palicourea lineata,15:04:12,Gorgeted Sunangel,,,
FL036,130615AA,6/15/2013,Palicourea lineata,15:09:37,Speckled Hummingbird,,,
FL038,130619AA,6/19/2013,Glossoloma oblongicalyx,14:21:22,Tawny-bellied Hermit,,,
FL038,130619AA,6/19/2013,Glossoloma oblongicalyx,15:55:52,Speckled Hummingbird,,Y,
FL043,130624AA,6/24/2013,Palicourea acetosoides,8:41:22,Collared Inca,,,
FL043,130624AA,6/24/2013,Palicourea acetosoides,9:23:17,Violet-tailed Sylph,F,,
FL043,130624AB,6/24/2013,Palicourea acetosoides,14:03:44,Violet-tailed Sylph,F,Y,
FL043,130624AB,6/24/2013,Palicourea acetosoides,16:57:40,Violet-tailed Sylph,F,Y,
FL043,130625AA,6/25/2013,Palicourea acetosoides,7:02:47,Violet-tailed Sylph,F,Y,
FL043,130625AA,6/25/2013,Palicourea acetosoides,9:25:56,Violet-tailed Sylph,F,Y,
FL043,130625AB,6/25/2013,Palicourea acetosoides,14:06:39,UKWN,,,
FL043,130625AB,6/25/2013,Palicourea acetosoides,16:49:44,UKWN,,,
FL044,130624AB,6/24/2013,Macleania bullata,14:03:15,Collared Inca,,,
FL044,130626AA,6/26/2013,Macleania bullata,6:36:52,Collared Inca,,,
FL044,130626AA,6/26/2013,Macleania bullata,6:58:01,Collared Inca,,,
FL044,130626AA,6/26/2013,Macleania bullata,8:28:59,Collared Inca,,,
FL046,130625AA,6/25/2013,Psammisia ulbrichiana,15:04:00,Gorgeted Sunangel,,,
FL047,130628AA,6/28/2013,Mikania websteri,8:42:43,Hoary Puffleg,,,
FL049,130705AA,7/4/2013,Salvia quitensis,8:32:30,Stripe-throated Hermit,,,
FL049,130705AA,7/4/2013,Salvia quitensis,16:47:29,Stripe-throated Hermit,,,
FL050,130704AA,7/4/2013,Centropogon solanifolius,8:43:55,Wedge-billed Hummingbird,,,
FL050,130704AB,7/4/2013,Centropogon solanifolius,15:43:38,Tawny-bellied Hermit,,,
FL050,130705AA,7/5/2013,Centropogon solanifolius,9:39:10,Tawny-bellied Hermit,,,
FL050,130705AB,7/5/2013,Centropogon solanifolius,16:43:24,Tawny-bellied Hermit,,,
FL052,130705AA,7/5/2013,Glossoloma purpureum,9:26:46,Stripe-throated Hermit,,,
FL053,130705AA,7/5/2013,Renealmia sessifolia,7:15:32,Booted Racket-tail,,,
FL053,130706AA,7/6/2013,Renealmia sessifolia,7:10:26,White-whiskered Hermit,,,
FL053,130706AA,7/6/2013,Renealmia sessifolia,8:40:47,Tawny-bellied Hermit,,,
FL053,130706AA,7/6/2013,Renealmia sessifolia,15:53:47,Tawny-bellied Hermit,,,
FL054,130706AA,7/6/2013,Heliconia burleana,6:38:09,Tawny-bellied Hermit,,,
FL054,130706AA,7/6/2013,Heliconia burleana,9:12:19,Tawny-bellied Hermit,,,
FL057,130704AA,7/4/2013,Glossoloma purpureum,16:25:30,Stripe-throated Hermit,,,Y
FL057,130704AB,7/4/2013,Glossoloma purpureum,17:03:25,White-whiskered Hermit,,,
FL057,130704AB,7/4/2013,Glossoloma purpureum,17:57:45,Stripe-throated Hermit,,,Y
FL057,130705AA,7/5/2013,Glossoloma purpureum,6:39:37,Stripe-throated Hermit,,,Y
FL057,130705AA,7/5/2013,Glossoloma purpureum,6:57:05,White-whiskered Hermit,,,
FL057,130705AA,7/5/2013,Glossoloma purpureum,8:07:01,Stripe-throated Hermit,,,Y
FL057,130705AA,7/5/2013,Glossoloma purpureum,9:14:03,White-whiskered Hermit,,,
FL057,130705AB,7/5/2013,Glossoloma purpureum,15:55:41,White-whiskered Hermit,,,
FL057,130705AB,7/5/2013,Glossoloma purpureum,15:55:55,Stripe-throated Hermit,,,Y
FL057,130705AB,7/5/2013,Glossoloma purpureum,16:48:19,Stripe-throated Hermit,,,Y
FL057,130705AB,7/5/2013,Glossoloma purpureum,17:51:07,Stripe-throated Hermit,,,
FL058,130704AA,7/4/2013,Drymonia teuscheri,16:15:06,Tawny-bellied Hermit,,,
FL058,130704AB,7/4/2013,Drymonia teuscheri,17:02:47,Stripe-throated Hermit,,,
FL058,130705AA,7/5/2013,Drymonia teuscheri,6:40:40,White-whiskered Hermit,,,
FL058,130705AA,7/5/2013,Drymonia teuscheri,7:00:27,Tawny-bellied Hermit,,,
FL058,130705AA,7/5/2013,Drymonia teuscheri,7:31:25,Tawny-bellied Hermit,,,
FL058,130705AA,7/5/2013,Drymonia teuscheri,7:51:28,White-whiskered Hermit,,,
FL058,130705AA,7/5/2013,Drymonia teuscheri,7:56:49,Tawny-bellied Hermit,,,
FL058,130705AA,7/5/2013,Drymonia teuscheri,8:59:17,White-whiskered Hermit,,,
FL058,130705AA,7/5/2013,Drymonia teuscheri,9:08:36,Stripe-throated Hermit,,,
FL058,130705AA,7/5/2013,Drymonia teuscheri,9:09:46,Tawny-bellied Hermit,,,
FL058,130705AA,7/5/2013,Drymonia teuscheri,9:22:04,Stripe-throated Hermit,,,
FL058,130705AB,7/5/2013,Drymonia teuscheri,17:26:33,Tawny-bellied Hermit,,,
FL060,130710AA,7/10/2013,Palicourea demissa,7:13:36,Booted Racket-tail,,,
FL060,130710AA,7/10/2013,Palicourea demissa,7:18:58,Stripe-throated Hermit,,,
FL060,130710AA,7/10/2013,Palicourea demissa,7:41:54,Booted Racket-tail,,,
FL060,130710AA,7/10/2013,Palicourea demissa,8:02:43,Booted Racket-tail,,,
FL060,130710AA,7/10/2013,Palicourea demissa,8:37:29,Booted Racket-tail,,,
FL060,130710AA,7/10/2013,Palicourea demissa,8:47:49,Stripe-throated Hermit,,,
FL060,130710AA,7/10/2013,Palicourea demissa,9:19:19,Booted Racket-tail,,,
FL060,130710AA,7/10/2013,Palicourea demissa,9:20:04,White-whiskered Hermit,,,
FL060,130710AA,7/10/2013,Palicourea demissa,9:38:27,Stripe-throated Hermit,,,
FL060,130710AB,7/10/2013,Palicourea demissa,14:30:00,Green-crowned Woodnymph,,,
FL060,130710AB,7/10/2013,Palicourea demissa,14:47:03,Purple-bibbed Whitetip,,,
FL060,130710AB,7/10/2013,Palicourea demissa,15:50:03,UKWN,,,
FL060,130710AB,7/10/2013,Palicourea demissa,17:25:55,Booted Racket-tail,,,
FL060,130711AA,7/11/2013,Palicourea demissa,6:14:24,Stripe-throated Hermit,,,
FL060,130711AA,7/11/2013,Palicourea demissa,6:23:40,Booted Racket-tail,,,
FL060,130711AA,7/11/2013,Palicourea demissa,7:20:54,Purple-bibbed Whitetip,,,
FL060,130711AA,7/11/2013,Palicourea demissa,8:48:20,UKWN,,,
FL060,130711AA,7/11/2013,Palicourea demissa,9:01:27,Stripe-throated Hermit,,,
FL060,130711AA,7/11/2013,Palicourea demissa,9:28:51,Purple-bibbed Whitetip,,,
FL061,130710AA,7/10/2013,Psammisia aberrans,7:52:54,White-whiskered Hermit,,,
FL061,130710AA,7/10/2013,Psammisia aberrans,8:10:28,White-whiskered Hermit,,,
FL061,130710AA,7/10/2013,Psammisia aberrans,8:46:08,White-whiskered Hermit,,,
FL061,130710AA,7/10/2013,Psammisia aberrans,8:55:47,White-whiskered Hermit,,,
FL061,130710AA,7/10/2013,Psammisia aberrans,9:10:42,Tawny-bellied Hermit,,,
FL061,130710AA,7/10/2013,Psammisia aberrans,9:44:24,Tawny-bellied Hermit,,,
FL061,130710AB,7/10/2013,Psammisia aberrans,14:49:58,White-whiskered Hermit,,,
FL061,130710AB,7/10/2013,Psammisia aberrans,16:44:43,White-whiskered Hermit,,,
FL061,130711AA,7/11/2013,Psammisia aberrans,6:25:30,White-whiskered Hermit,,,
FL061,130711AA,7/11/2013,Psammisia aberrans,8:23:11,UKWN,,,
FL061,130711AA,7/11/2013,Psammisia aberrans,8:55:00,UKWN,,,
FL061,130711AB,7/11/2013,Psammisia aberrans,15:11:43,Tawny-bellied Hermit,,,
FL061,130711AB,7/11/2013,Psammisia aberrans,15:21:07,White-whiskered Hermit,,,
FL061,130711AB,7/11/2013,Psammisia aberrans,16:31:57,White-whiskered Hermit,,,
FL061,130711AB,7/11/2013,Psammisia aberrans,16:35:58,UKWN,,,
FL062,130709AA,7/9/2013,Psammisia aberrans,15:43:35,White-whiskered Hermit,,,
FL062,130710AA,7/10/2013,Psammisia aberrans,9:56:15,Tawny-bellied Hermit,,,
FL063,130709AA,7/9/2013,Drymonia tenuis,14:41:23,Brown Inca,,,
FL063,130710AA,7/10/2013,Drymonia tenuis,7:50:07,Brown Inca,,,
FL063,130710AB,7/10/2013,Drymonia tenuis,17:11:56,UKWN,,,
FL063,130711AA,7/11/2013,Drymonia tenuis,7:54:54,White-whiskered Hermit,,,
FL064,130710AA,7/10/2013,Columnea mastersonii,9:40:01,Tawny-bellied Hermit,,,
FL072,130724AA,7/24/2013,Psammisia ulbrichiana,15:02:08,Brown Inca,,,
FL072,130724AA,7/24/2013,Psammisia ulbrichiana,16:32:36,Brown Inca,,,
FL072,130724AA,7/24/2013,Psammisia ulbrichiana,17:32:50,Brown Inca,,,
FL072,130725AA,7/25/2013,Psammisia ulbrichiana,6:31:46,Brown Inca,,,
FL072,130725AA,7/25/2013,Psammisia ulbrichiana,7:42:06,Brown Inca,,,
FL072,130725AA,7/25/2013,Psammisia ulbrichiana,9:07:27,Brown Inca,,,
FL072,130725AA,7/25/2013,Psammisia ulbrichiana,9:30:20,Violet-tailed Sylph,,Y,
FL072,130725AB,7/25/2013,Psammisia ulbrichiana,15:52:22,UKWN,,,
FL072,130725AB,7/25/2013,Psammisia ulbrichiana,17:08:01,Brown Inca,,,
FL072,130725AB,7/25/2013,Psammisia ulbrichiana,17:43:48,Brown Inca,,,
FL072,130726AA,7/26/2013,Psammisia ulbrichiana,7:48:39,Brown Inca,,,
FL072,130726AA,7/26/2013,Psammisia ulbrichiana,9:21:07,Brown Inca,,,
FL073,130724AA,7/24/2013,Heliconia impudica,15:37:55,Violet-tailed Sylph,,,
FL073,130725AA,7/25/2013,Heliconia impudica,7:33:53,Violet-tailed Sylph,,,
FL073,130726AA,7/26/2013,Heliconia impudica,6:57:39,Brown Inca,,,
FL073,130726AA,7/26/2013,Heliconia impudica,7:24:48,Brown Inca,,,
FL073,130726AA,7/26/2013,Heliconia impudica,7:36:58,Violet-tailed Sylph,,,
FL073,130726AA,7/26/2013,Heliconia impudica,9:20:38,Tawny-bellied Hermit,,,
FL074,130724AA,7/24/2013,Columnea ciliata,16:01:06,Violet-tailed Sylph,,,
FL076,130724AA,7/24/2013,Palicourea lineata,17:08:25,Violet-tailed Sylph,,,
FL076,130725AA,7/25/2013,Palicourea lineata,7:27:58,Violet-tailed Sylph,,,
FL076,130725AA,7/25/2013,Palicourea lineata,8:00:15,UKWN,,,
FL076,130725AB,7/25/2013,Palicourea lineata,17:09:00,Violet-tailed Sylph,,,
FL076,130726AA,7/26/2013,Palicourea lineata,6:32:21,Violet-tailed Sylph,,,
FL077,130724AA,7/24/2013,Tillandsia complanata,6:18:05,UKWN,,,
FL078,130725AA,7/25/2013,Palicourea demissa,6:49:37,Booted Racket-tail,,,
FL078,130725AA,7/25/2013,Palicourea demissa,9:51:27,Buff-tailed Coronet,,,
FL078,130725AA,7/25/2013,Palicourea demissa,15:01:52,UKWN,,,
FL078,130725AB,7/25/2013,Palicourea demissa,16:28:29,Buff-tailed Coronet,,,
FL078,130726AA,7/26/2013,Palicourea demissa,6:25:48,Fawn-breasted Brilliant,,,
FL078,130726AA,7/26/2013,Palicourea demissa,7:30:53,UKWN,,,
FL078,130726AA,7/26/2013,Palicourea demissa,7:42:55,Fawn-breasted Brilliant,,,
FL079,130725AA,7/25/2013,Drymonia collegarum,7:23:50,Brown Inca,,,
FL079,130725AA,7/25/2013,Drymonia collegarum,7:59:45,Brown Inca,,,
FL079,130725AA,7/25/2013,Drymonia collegarum,8:24:55,Fawn-breasted Brilliant,,,
FL079,130725AA,7/25/2013,Drymonia collegarum,9:47:34,Tawny-bellied Hermit,,,
FL079,130725AB,7/25/2013,Drymonia collegarum,14:56:40,Brown Inca,,,
FL079,130725AB,7/25/2013,Drymonia collegarum,15:15:28,Brown Inca,,,
FL079,130725AB,7/25/2013,Drymonia collegarum,18:25:27,Brown Inca,,,
FL079,130726AA,7/26/2013,Drymonia collegarum,7:02:03,Brown Inca,,,
FL079,130726AA,7/26/2013,Drymonia collegarum,7:05:36,Brown Inca,,,
FL079,130726AA,7/26/2013,Drymonia collegarum,7:26:06,Tawny-bellied Hermit,,,
FL079,130726AB,7/26/2013,Drymonia collegarum,14:33:54,Brown Inca,,,
FL079,130726AB,7/26/2013,Drymonia collegarum,16:41:02,Brown Inca,,,
FL079,130726AB,7/26/2013,Drymonia collegarum,17:20:18,Tawny-bellied Hermit,,,
FL080,130725AA,25-Jul,Pitcairnia sodoroi,15:14:57,Violet-tailed Sylph,,,
FL080,130725AA,25-Jul,Pitcairnia sodoroi,17:18,Brown Inca,,,
FL080,130725AA,25-Jul,Pitcairnia sodoroi,17:27:30,Violet-tailed Sylph,,,
FL080,130726AA,7/26/2013,Pitcairnia sodoroi,6:16:26,Brown Inca,,,
FL080,130726AA,7/26/2013,Pitcairnia sodoroi,6:24:34,Violet-tailed Sylph,,,
FL080,130726AA,7/26/2013,Pitcairnia sodoroi,6:27:24,Brown Inca,,,
FL080,130726AA,7/26/2013,Pitcairnia sodoroi,7:57:22,Brown Inca,,,
FL080,130726AA,7/26/2013,Pitcairnia sodoroi,8:23:09,Violet-tailed Sylph,,,
FL080,130726AA,7/26/2013,Pitcairnia sodoroi,9:19,Brown Inca,,,
FL080,130726AA,7/26/2013,Pitcairnia sodoroi,9:21:32,Violet-tailed Sylph,,,
FL080,130726AB,7/26/2013,Pitcairnia sodoroi,16:22:19,Violet-tailed Sylph,,,
FL080,130727AA,7/27/2013,Pitcairnia sodoroi,6:24:49,Brown Inca,,,
FL080,130727AA,7/27/2013,Pitcairnia sodoroi,6:57:21,Brown Inca,,,
FL080,130727AA,7/27/2013,Pitcairnia sodoroi,7:02:18,Brown Inca,,,
FL080,130727AA,7/27/2013,Pitcairnia sodoroi,7:14:10,Violet-tailed Sylph,,,
FL080,130727AA,7/27/2013,Pitcairnia sodoroi,8:21:18,Brown Inca,,,
FL080,130727AA,7/27/2013,Pitcairnia sodoroi,9:06:53,Tawny-bellied Hermit,,,
FL081,130727AA,7/27/2013,Psammisia sodoroi,8:23:50,Violet-tailed Sylph,,,
FL081,130727AA,7/27/2013,Psammisia sodoroi,8:35:50,Violet-tailed Sylph,,,
FL081,130727AA,7/27/2013,Psammisia sodoroi,9:52:19,Violet-tailed Sylph,,,
FL081,130726AC,7/26/2013,Psammisia sodoroi,14:43:00,Violet-tailed Sylph,F,,
FL081,130726AC,7/26/2013,Psammisia sodoroi,15:49:50,Violet-tailed Sylph,F,,
FL081,130726AC,7/26/2013,Psammisia sodoroi,16:55:29,Violet-tailed Sylph,,,
FL081,130727AB,7/27/2013,Psammisia sodoroi,15:14:25,Brown Inca,,,
FL081,130727AB,7/27/2013,Psammisia sodoroi,16:46:29,Violet-tailed Sylph,,,
FL082,130727AC,7/27/2013,Renealmia sessifolia,16:08:13,Violet-tailed Sylph,F,,
FL082,130727AC,7/27/2013,Renealmia sessifolia,17:14:02,Violet-tailed Sylph,,,
FL082,130727AC,7/27/2013,Renealmia sessifolia,17:56:10,Violet-tailed Sylph,,,
FL082,130728AA,7/28/2013,Renealmia sessifolia,6:58:53,Violet-tailed Sylph,,,
FL082,130728AB,7/28/2013,Renealmia sessifolia,17:58:06,Violet-tailed Sylph,,,
FL083,130728AA,7/28/2013,Psammisia sodoroi,14:31:44,Gorgeted Sunangel,,,
FL083,130728AB,7/28/2013,Psammisia sodoroi,14:42:09,Gorgeted Sunangel,,,
FL083,130728AB,7/28/2013,Psammisia sodoroi,15:04:35,Gorgeted Sunangel,,,
FL083,130728AB,7/28/2013,Psammisia sodoroi,15:36:43,Gorgeted Sunangel,,,
FL083,130728AB,7/28/2013,Psammisia sodoroi,15:58:42,Gorgeted Sunangel,,,
FL083,130728AB,7/28/2013,Psammisia sodoroi,16:32:51,Gorgeted Sunangel,,,
FL083,130728AB,7/28/2013,Psammisia sodoroi,16:57:26,Gorgeted Sunangel,,,
FL083,130728AB,7/28/2013,Psammisia sodoroi,17:14:04,Gorgeted Sunangel,,,
FL083,130728AB,7/28/2013,Psammisia sodoroi,17:31:17,Gorgeted Sunangel,,,
FL083,130728AB,7/28/2013,Psammisia sodoroi,17:36:09,Gorgeted Sunangel,,,
FL083,130728AB,7/28/2013,Psammisia sodoroi,17:50:56,Gorgeted Sunangel,,,
FL083,130729AA,7/29/2013,Psammisia sodoroi,6:06:38,Gorgeted Sunangel,,,
FL083,130729AA,7/29/2013,Psammisia sodoroi,6:14:42,Collared Inca,,,
FL083,130729AA,7/29/2013,Psammisia sodoroi,6:32:10,Speckled Hummingbird,,,
FL083,130729AA,7/29/2013,Psammisia sodoroi,6:51:15,Gorgeted Sunangel,,,
FL083,130729AA,7/29/2013,Psammisia sodoroi,9:19:19,Gorgeted Sunangel,,,
FL083,130729AB,7/29/2013,Psammisia sodoroi,14:43:25,Gorgeted Sunangel,,,
FL083,130729AB,7/29/2013,Psammisia sodoroi,15:01:09,Gorgeted Sunangel,,,
FL083,130729AB,7/29/2013,Psammisia sodoroi,15:24:14,Gorgeted Sunangel,,,
FL083,130729AB,7/29/2013,Psammisia sodoroi,15:48:01,Gorgeted Sunangel,,,
FL083,130729AB,7/29/2013,Psammisia sodoroi,16:25:26,Gorgeted Sunangel,,,
FL083,130729AB,7/29/2013,Psammisia sodoroi,16:36:36,Gorgeted Sunangel,,,
FL083,130729AB,7/29/2013,Psammisia sodoroi,16:49:57,Gorgeted Sunangel,,,
FL083,130729AB,7/29/2013,Psammisia sodoroi,17:09:40,Gorgeted Sunangel,,,
FL083,130729AB,7/29/2013,Psammisia sodoroi,17:31:56,Gorgeted Sunangel,,,
FL083,130729AB,7/29/2013,Psammisia sodoroi,18:10:56,Gorgeted Sunangel,,,
FL084,130728AB,7/28/2013,Psammisia ulbrichiana,15:09:53,Gorgeted Sunangel,,,
FL084,130728AB,7/28/2013,Psammisia ulbrichiana,17:19:32,Collared Inca,,,
FL084,130729AA,7/29/2013,Psammisia ulbrichiana,7:36:39,Gorgeted Sunangel,,,
FL084,130729AA,7/29/2013,Psammisia ulbrichiana,7:50:55,Green-fronted Lancebill,,,
FL084,130729AA,7/29/2013,Psammisia ulbrichiana,9:43:32,Gorgeted Sunangel,,,
FL084,130729AB,7/29/2013,Psammisia ulbrichiana,15:01:29,Collared Inca,,,
FL084,130729AB,7/29/2013,Psammisia ulbrichiana,15:46:41,Gorgeted Sunangel,,,
FL084,130730AA,7/30/2013,Psammisia ulbrichiana,6:55:25,Gorgeted Sunangel,,,
FL084,130730AA,7/30/2013,Psammisia ulbrichiana,7:49:22,Gorgeted Sunangel,,,
FL084,130730AA,7/30/2013,Psammisia ulbrichiana,7:56:25,Collared Inca,,,
FL084,130730AA,7/30/2013,Psammisia ulbrichiana,8:54:44,Gorgeted Sunangel,,,
FL086,130723AB,7/23/2013,Psammisia ulbrichiana,15:03:47,Wedge-billed Hummingbird,,,
FL086,130723AB,7/23/2013,Psammisia ulbrichiana,6:29:02,Violet-tailed Sylph,F,,
FL086,130723AA,7/23/2013,Psammisia ulbrichiana,8:22:03,Fawn-breasted Brilliant,,,
FL086,130723AA,7/23/2013,Psammisia ulbrichiana,14:51:17,Wedge-billed Hummingbird,,,
FL087,130729AA,7/29/2013,Centropogon solanifolius,15:08:23,Violet-tailed Sylph,,,
FL087,130730AA,7/30/2013,Centropogon solanifolius,6:48:38,Tawny-bellied Hermit,,,
FL087,130730AA,7/30/2013,Centropogon solanifolius,7:15:36,Tawny-bellied Hermit,,,
FL087,130730AA,7/30/2013,Centropogon solanifolius,7:45:45,Brown Inca,,,
FL087,130730AA,7/30/2013,Centropogon solanifolius,8:25:28,Tawny-bellied Hermit,,,
FL087,130730AA,7/30/2013,Centropogon solanifolius,9:26:53,Fawn-breasted Brilliant,,,
FL087,130730AA,7/30/2013,Centropogon solanifolius,14:33:21,Tawny-bellied Hermit,,,
FL087,130730AB,7/30/2013,Centropogon solanifolius,16:38:07,Violet-tailed Sylph,,,
FL087,130731AA,7/31/2013,Centropogon solanifolius,6:58:48,Tawny-bellied Hermit,,,
FL087,130731AA,7/31/2013,Centropogon solanifolius,9:51:31,Tawny-bellied Hermit,,,
FL088,130730AB,7/30/2013,Bomarea multiflora,16:44:37,Gorgeted Sunangel,,,
FL088,130801AA,8/1/2013,Bomarea multiflora,8:11:02,Tawny-bellied Hermit,,,
FL088,130801AA,8/1/2013,Bomarea multiflora,9:55:58,Gorgeted Sunangel,,,
FL088,130802AA,8/2/2013,Bomarea multiflora,7:29:54,Collared Inca,,,
FL088,130802AB,8/2/2013,Bomarea multiflora,18:03:38,Gorgeted Sunangel,,,
FL089,130801AA,8/1/2013,Macleania bullata,6:41:05,Collared Inca,,,
FL089,130801AA,8/1/2013,Macleania bullata,7:14:49,Tawny-bellied Hermit,,,
FL089,130801AA,8/1/2013,Macleania bullata,7:41:55,Gorgeted Sunangel,,,
FL089,130801AA,8/1/2013,Macleania bullata,7:51:13,Tawny-bellied Hermit,,,
FL089,130801AA,8/1/2013,Macleania bullata,9:22:15,Green-fronted Lancebill,,,
FL089,130801AB,8/1/2013,Macleania bullata,15:30:38,Tawny-bellied Hermit,,,
FL089,130801AB,8/1/2013,Macleania bullata,15:59:14,Green-fronted Lancebill,,,
FL089,130802AA,8/2/2013,Macleania bullata,6:49:04,Collared Inca,,,
FL089,130802AA,8/2/2013,Macleania bullata,9:22:14,Brown Inca,,,
FL089,130802AA,8/2/2013,Macleania bullata,9:23:04,Green-fronted Lancebill,,,
FL089,130802AA,8/2/2013,Macleania bullata,9:36,Gorgeted Sunangel,,,
FL090,130731AB,7/31/2013,Besleria solanoides,17:00:28,Booted Racket-tail,,,
FL090,130801AA,8/1/2013,Besleria solanoides,14:46:40,Booted Racket-tail,,,
FL090,130801AA,8/1/2013,Besleria solanoides,15:11:02,Booted Racket-tail,,,
FL090,130801AA,8/1/2013,Besleria solanoides,15:25:49,Booted Racket-tail,,,
FL090,130802AA,8/2/2013,Besleria solanoides,8:23:10,Booted Racket-tail,,,
FL090,130802AA,8/2/2013,Besleria solanoides,9:17:46,Booted Racket-tail,,,
FL090,130802AA,8/2/2013,Besleria solanoides,14:46:49,Booted Racket-tail,,,
FL092,120802AB,8/2/2013,Heliconia burleana,11:20:41,Wedge-billed Hummingbird,,,
FL093,130802AB,8/2/2013,Palicourea acetosoides,17:19:27,Green-fronted Lancebill,,,
FL094,130802AB,8/2/2013,Psammisia sodoroi,17:04:03,Violet-tailed Sylph,F,,
FL094,130803AA,8/3/2013,Psammisia sodoroi,6:40:10,Violet-tailed Sylph,F,,
FL094,130803AA,8/3/2013,Psammisia sodoroi,6:42:29,Hoary Puffleg,,,
FL094,130803AA,8/3/2013,Psammisia sodoroi,7:49:53,Hoary Puffleg,,,
FL094,130803AA,8/3/2013,Psammisia sodoroi,9:26:26,Violet-tailed Sylph,,,
FL094,130803AB,8/3/2013,Psammisia sodoroi,14:59:35,Violet-tailed Sylph,,,
FL094,130803AB,8/3/2013,Psammisia sodoroi,15:38:47,Violet-tailed Sylph,,,
FL094,130803AB,8/3/2013,Psammisia sodoroi,16:47:35,Violet-tailed Sylph,,,
FL094,130804AA,8/4/2013,Psammisia sodoroi,6:27:55,Hoary Puffleg,,,
FL094,130804AA,8/4/2013,Psammisia sodoroi,9:08:42,Violet-tailed Sylph,,,
FL094,130804AA,8/3/2013,Besleria solanoides,15:30:10,Booted Racket-tail,,,
FL094,130804AA,8/3/2013,Besleria solanoides,17:22:10,Booted Racket-tail,,,
FL094,130804AA,8/4/2013,Besleria solanoides,9:14:15,Violet-tailed Sylph,,,
FL094,130804AA,8/4/2013,Besleria solanoides,9:41:49,Violet-tailed Sylph,,,
FL094,130804AB,8/4/2013,Besleria solanoides,16:16:26,Booted Racket-tail,,,
FL094,130805AA,8/5/2013,Besleria solanoides,8:52:39,Violet-tailed Sylph,,,
FL097,130805AA,8/3/2013,Glossoloma oblongicalyx,14:57:08,UKWN,,,
FL098,130811AB,8/11/2013,Guzmania jaramilloi,17:44:18,Booted Racket-tail,,,
FL098,130812AA,8/12/2013,Guzmania jaramilloi,8:57:10,Tawny-bellied Hermit,,,
FL098,130812AA,8/12/2013,Guzmania jaramilloi,10:20:57,Booted Racket-tail,,,
FL098,130812AB,8/12/2013,Guzmania jaramilloi,13:16:11,Booted Racket-tail,,,
FL098,130812AB,8/12/2013,Guzmania jaramilloi,14:00:36,Booted Racket-tail,,,
FL098,130812AB,8/12/2013,Guzmania jaramilloi,14:30:33,Booted Racket-tail,,,
FL099,130814AA,8/14/2013,Palicourea demissa,10:41:27,Andean Emerald,,,
FL099,130814AA,8/14/2013,Palicourea demissa,10:45:28,Stripe-throated Hermit,,,
FL099,130814AA,8/14/2013,Palicourea demissa,10:57:50,Stripe-throated Hermit,,,
FL099,130814AA,8/14/2013,Palicourea demissa,11:13:06,Stripe-throated Hermit,,,
FL099,130814AA,8/14/2013,Palicourea demissa,11:19:48,Andean Emerald,,,
FL099,130814AA,8/14/2013,Palicourea demissa,11:25:08,Stripe-throated Hermit,,,
FL099,130814AA,8/14/2013,Palicourea demissa,11:44:08,Stripe-throated Hermit,,,
FL099,130814AB,8/14/2013,Palicourea demissa,12:42:37,Stripe-throated Hermit,,,
FL099,130814AB,8/14/2013,Palicourea demissa,12:54:35,Stripe-throated Hermit,,,
FL099,130814AB,8/14/2013,Palicourea demissa,13:31:16,Andean Emerald,,,
FL099,130814AB,8/14/2013,Palicourea demissa,15:11:29,Stripe-throated Hermit,,,
FL099,130814AB,8/15/2013,Palicourea demissa,6:34:08,Andean Emerald,,,
FL099,130814AB,8/15/2013,Palicourea demissa,7:31:04,Andean Emerald,,,
FL099,130814AB,8/15/2013,Palicourea demissa,8:14:34,Stripe-throated Hermit,,,
FL099,130814AB,8/15/2013,Palicourea demissa,8:26:02,Andean Emerald,,,
FL099,130814AB,8/15/2013,Palicourea demissa,9:12:19,Stripe-throated Hermit,,,
FL099,130814AB,8/15/2013,Palicourea demissa,9:49:51,Andean Emerald,,,
FL099,130814AB,8/15/2013,Palicourea demissa,10:23:51,Andean Emerald,,,
FL099,130814AB,8/15/2013,Palicourea demissa,10:45:27,Stripe-throated Hermit,,,
FL099,130814AB,8/15/2013,Palicourea demissa,10:59:00,Andean Emerald,,,
FL099,130814AB,8/15/2013,Palicourea demissa,11:09:49,Green-crowned Woodnymph,,,
FL099,130814AB,8/15/2013,Palicourea demissa,13:57:25,Andean Emerald,,,
FL099,130814AB,8/15/2013,Palicourea demissa,14:08:58,Booted Racket-tail,,,
FL099,130814AB,8/15/2013,Palicourea demissa,16:20:01,Booted Racket-tail,,,
FL099,130814AB,8/15/2013,Palicourea demissa,17:53:35,Booted Racket-tail,,,
FL100,130814AA,8/14/2013,Columnea mastersonii,10:54:03,Tawny-bellied Hermit,,,
FL100,130814AA,8/14/2013,Columnea mastersonii,12:53:50,Tawny-bellied Hermit,,,
FL100,130814AB,8/14/2013,Columnea mastersonii,15:17:47,Stripe-throated Hermit,,Y,
FL100,130814AB,8/14/2013,Columnea mastersonii,15:59:10,White-whiskered Hermit,,,
FL100,130814AB,8/14/2013,Columnea mastersonii,16:16:16,Stripe-throated Hermit,,Y,
FL100,130814AB,8/14/2013,Columnea mastersonii,17:41:20,White-whiskered Hermit,,,
FL100,130815AA,8/15/2013,Columnea mastersonii,6:26:58,White-whiskered Hermit,,,
FL100,130815AA,8/15/2013,Columnea mastersonii,7:22:05,White-whiskered Hermit,,,
FL100,130815AA,8/15/2013,Columnea mastersonii,8:13:00,White-whiskered Hermit,,,
FL100,130815AA,8/15/2013,Columnea mastersonii,9:26:36,White-whiskered Hermit,,,
FL100,130815AA,8/15/2013,Columnea mastersonii,9:49:44,Tawny-bellied Hermit,,,
FL100,130815AA,8/15/2013,Columnea mastersonii,10:24:56,UKWN,,,
FL100,130815AA,8/15/2013,Columnea mastersonii,11:21:08,White-whiskered Hermit,,,
FL100,130815AA,8/15/2013,Columnea mastersonii,11:49:16,Tawny-bellied Hermit,,,
FL100,130815AB,8/15/2013,Columnea mastersonii,12:37:21,UKWN,,,
FL100,130815AB,8/15/2013,Columnea mastersonii,14:37:25,White-whiskered Hermit,,,
FL100,130815AB,8/15/2013,Columnea mastersonii,16:00:48,White-whiskered Hermit,,,
FL100,130815AB,8/15/2013,Columnea mastersonii,16:16:45,Tawny-bellied Hermit,,,
FL100,130815AB,8/15/2013,Columnea mastersonii,16:47:27,Stripe-throated Hermit,,Y,
FL101,130814AB,8/14/2013,Glossoloma purpureum,15:17:28,Stripe-throated Hermit,,Y,
FL101,130814AB,8/14/2013,Glossoloma purpureum,14:54:34,Tawny-bellied Hermit,,,
FL101,130815AA,8/15/2013,Glossoloma purpureum,7:33:11,UKWN,,,
FL101,130815AA,8/15/2013,Glossoloma purpureum,8:13:26,UKWN,,,
FL101,130815AA,8/15/2013,Glossoloma purpureum,8:58:38,White-whiskered Hermit,,,
FL101,130815AA,8/15/2013,Glossoloma purpureum,9:45:26,White-whiskered Hermit,,,
FL101,130815AA,8/15/2013,Glossoloma purpureum,10:14:32,Stripe-throated Hermit,,NA,
FL101,130815AA,8/15/2013,Glossoloma purpureum,10:57:52,White-whiskered Hermit,,,
FL101,130815AA,8/15/2013,Glossoloma purpureum,13:38:58,Stripe-throated Hermit,,,
FL101,130815AA,8/15/2013,Glossoloma purpureum,13:40:39,White-whiskered Hermit,,,
FL101,130815AA,8/15/2013,Glossoloma purpureum,14:52:58,Stripe-throated Hermit,,Y,
FL101,130815AA,8/15/2013,Glossoloma purpureum,16:47:05,Stripe-throated Hermit,,Y,
FL102,130815AA,8/14/2013,Salvia quitensis,16:54:25,Stripe-throated Hermit,,Y,
FL103,130814AA,8/14/2013,Columnea ciliata,11:25:47,Stripe-throated Hermit,,Y,
FL103,130814AB,8/14/2013,Columnea ciliata,13:39:12,Stripe-throated Hermit,,Y,
FL103,130814AB,8/14/2013,Columnea ciliata,13:54:15,Stripe-throated Hermit,,Y,
FL103,130814AB,8/14/2013,Columnea ciliata,16:19:34,White-whiskered Hermit,,Y,
FL103,130814AB,8/14/2013,Columnea ciliata,16:55:20,Stripe-throated Hermit,,Y,
FL103,130815AA,8/15/2013,Columnea ciliata,6:51:15,Stripe-throated Hermit,,Y,
FL103,130815AA,8/15/2013,Columnea ciliata,9:20:22,Stripe-throated Hermit,,Y,
FL103,130815AA,8/15/2013,Columnea ciliata,10:29:00,Stripe-throated Hermit,,Y,
FL103,130815AA,8/15/2013,Columnea ciliata,11:22:57,Stripe-throated Hermit,,Y,
FL103,130815AA,8/15/2013,Columnea ciliata,11:28:48,White-whiskered Hermit,,Y,
FL103,130815AB,8/15/2013,Columnea ciliata,12:44:45,Stripe-throated Hermit,,Y,
FL103,130815AB,8/15/2013,Columnea ciliata,13:31:59,Stripe-throated Hermit,,Y,
FL103,130815AB,8/15/2013,Columnea ciliata,15:30:27,Stripe-throated Hermit,,Y,
FL103,130815AB,8/15/2013,Columnea ciliata,14:31:44,Stripe-throated Hermit,,Y,
FL103,130815AB,8/15/2013,Columnea ciliata,17:42:54,Stripe-throated Hermit,,Y,
FL009,130608AA,6/8/2013,Columnea ciliata,8:00:58,Stripe-throated Hermit,,Y,
FH101,FH101_01,10/22/2013,Psammisia sodoroi,10:11:18,Gorgeted Sunangel,,,
FH201,FH201_01,10/22/2013,Glossoloma oblongicalyx,11:12:34,Tawny-bellied Hermit,,,
FH301,FH301_01,10/22/2013,Macleania stricta,9:40:53,Collared Inca,,,
FH301,FH301_02,10/22/2013,Macleania stricta,15:28:52,Brown Inca,,,
FH501,FH_501_01,10/22/2013,Besleria solanoides,11:05:36,Tawny-bellied Hermit,,,
FH501,FH_501_02,10/22/2013,Besleria solanoides,2:41:24,Violet-tailed Sylph,,,
FH201HR,fH601_HR_01,10/22/2013,Palicourea acetosoides,7:26:06,UKWN,,,
FH201HR,fH601_HR_01,10/22/2013,Palicourea acetosoides,8:33:04,UKWN,,,
FH201HR,fH601_HR_01,10/22/2013,Palicourea acetosoides,9:29:14,UKWN,,,
FH201HR,fH601_HR_01,10/22/2013,Palicourea acetosoides,10:35:35,UKWN,,,
FH701LR,FH701_HR_01,10/22/2013,Gasteranthus quitensis,8:50:36,Speckled Hummingbird,,Y,
FH701LR,FH701_HR_01,10/22/2013,Gasteranthus quitensis,9:19:31,Violet-tailed Sylph,,,
FH701LR,FH701_HR_02,10/22/2013,Gasteranthus quitensis,14:11:12,Brown Inca,,,
FH_801,FH701_HR_02,10/22/2013,Centropogon solanifolius,9:13:22,Tawny-bellied Hermit,,,
FH_801,FH701_HR_02,10/22/2013,Centropogon solanifolius,11:58:03,Tawny-bellied Hermit,,,
FH_801,FH701_HR_03,10/22/2013,Centropogon solanifolius,11:58:03,Tawny-bellied Hermit,,,
FH102,FH102_01,11/6/2013,Meriania tomentosa,8:06:27,Speckled Hummingbird,,,
FH102,FH102_01,11/6/2013,Meriania tomentosa,9:24:18,Speckled Hummingbird,,,
FH102,FH102_01,11/6/2013,Meriania tomentosa,10:11:57,Violet-tailed Sylph,,,
FH102,FH202_02,11/6/2013,Meriania tomentosa,12:46:32,Speckled Hummingbird,,,
FH102,FH202_02,11/6/2013,Meriania tomentosa,12:52:41,Speckled Hummingbird,,,
FH102,FH202_02,11/6/2013,Meriania tomentosa,12:54:52,Collared Inca,,,
FH102,FH202_02,11/6/2013,Meriania tomentosa,13:18:29,Speckled Hummingbird,,,
FH102,FH202_02,11/6/2013,Meriania tomentosa,14:53:34,Speckled Hummingbird,,,
FH102,FH202_02,11/6/2013,Meriania tomentosa,15:32:11,Violet-tailed Sylph,F,,
FH102,FH202_02,11/6/2013,Meriania tomentosa,15:32:48,Speckled Hummingbird,,,
FH102,FH202_02,11/6/2013,Meriania tomentosa,17:40:43,Violet-tailed Sylph,F,,
FH202,FH202_01,11/6/2013,Glossoloma oblongicalyx,9:23:58,Gorgeted Sunangel,,,
FH202,FH202_02,11/6/2013,Glossoloma oblongicalyx,16:38:33,Tawny-bellied Hermit,,,
FH303,FH303_01,11/19/2013,Bomarea pardina,8:11:05,Tawny-bellied Hermit,,,
FH303,FH303_01,11/19/2013,Bomarea pardina,8:21:20,Brown Inca,,,
FH303,FH303_01,11/19/2013,Bomarea pardina,8:35:55,Brown Inca,,,
FH303,FH303_01,11/19/2013,Bomarea pardina,8:53:32,Brown Inca,,,
FH303,FH303_01,11/19/2013,Bomarea pardina,9:19:46,Brown Inca,,,
FH303,FH303_01,11/19/2013,Bomarea pardina,9:31:10,Tawny-bellied Hermit,,,
FH303,FH303_01,11/19/2013,Bomarea pardina,10:33:45,Brown Inca,,,
FH303,FH303_01,11/19/2013,Bomarea pardina,10:44:52,Tawny-bellied Hermit,,,
FH303,FH303_01,11/19/2013,Bomarea pardina,11:08:14,Brown Inca,,,
FH303,FH303_01,11/19/2013,Bomarea pardina,11:39:53,Brown Inca,,,
FH303,FH303_02,11/19/2013,Bomarea pardina,12:47:28,Brown Inca,,,
FH303,FH303_02,11/19/2013,Bomarea pardina,13:01:22,Brown Inca,,,
FH303,FH303_02,11/19/2013,Bomarea pardina,13:35:46,Brown Inca,,,
FH303,FH303_02,11/19/2013,Bomarea pardina,14:13:36,Brown Inca,,,
FH303,FH303_02,11/19/2013,Bomarea pardina,14:50:54,Tawny-bellied Hermit,,,
FH303,FH303_02,11/19/2013,Bomarea pardina,15:25:33,Brown Inca,,,
FH402,FH402_01,11/6/2013,Psammisia sodoroi,6:27:48,Speckled Hummingbird,,,
FH402,FH402_01,11/6/2013,Psammisia sodoroi,10:03:37,Speckled Hummingbird,,,
FH402,FH402_01,11/6/2013,Psammisia sodoroi,11:20:25,Speckled Hummingbird,,,
FH402,FH402_02,11/6/2013,Psammisia sodoroi,13:15:53,Violet-tailed Sylph,,,
FH402,FH402_02,11/6/2013,Psammisia sodoroi,13:35:51,Speckled Hummingbird,,,
FH402,FH402_02,11/6/2013,Psammisia sodoroi,17:42:44,Speckled Hummingbird,,,
FH403,FH403_01,11/6/2013,Gasteranthus quitensis,11:07:15,Violet-tailed Sylph,M,,
FH403,FH403_02,11/6/2013,Gasteranthus quitensis,13:08:45,Tawny-bellied Hermit,,,
FH502,FH502_01,11/6/2013,Psammisia sodoroi,7:04:15,Hoary Puffleg,,,
FH502,FH502_01,11/6/2013,Psammisia sodoroi,7:04:35,Hoary Puffleg,,,
FH502,FH502_01,11/6/2013,Psammisia sodoroi,8:51:28,Hoary Puffleg,,,
FH502,FH502_01,11/6/2013,Psammisia sodoroi,9:12:54,Violet-tailed Sylph,,,
FH502,FH502_01,11/6/2013,Psammisia sodoroi,10:14:48,Hoary Puffleg,,,
FH502,FH502_01,11/6/2013,Psammisia sodoroi,11:10:55,Hoary Puffleg,,,
FH502,FH502_01,11/6/2013,Psammisia sodoroi,11:56:31,UKWN,,,
FH502,FH502_02,11/6/2013,Psammisia sodoroi,12:30:40,Gorgeted Sunangel,,,
FH502,FH502_02,11/6/2013,Psammisia sodoroi,12:33:38,Violet-tailed Sylph,M,,
FH502,FH502_02,11/6/2013,Psammisia sodoroi,14:12:32,Hoary Puffleg,,,
FH502,FH502_02,11/6/2013,Psammisia sodoroi,14:38:20,Violet-tailed Sylph,,,
FH502,FH502_02,11/6/2013,Psammisia sodoroi,15:48:37,UKWN,,,
FH502,FH502_02,11/6/2013,Psammisia sodoroi,16:51:45,UKWN,,,
FH504,FH504_01,11/19/2013,Columnea picta,6:53:45,Violet-tailed Sylph,F,,
FH602,FH602_01,11/6/2013,Macleania bullata,10:46:10,Brown Inca,,,
FH602,FH602_02,11/6/2013,Macleania bullata,13:32:37,Brown Inca,,,
FH603,FH603_01,11/8/2013,Columnea ,9:24:02,Brown Inca,,,
FH603,FH603_02,11/8/2013,Columnea ,16:19:36,Violet-tailed Sylph,,,
FH604,FH604_01,11/19/2013,Palicourea acetosoides,9:05:51,Green-fronted Lancebill,,,
FH604,FH604_01,11/19/2013,Palicourea acetosoides,9:30:12,Green-fronted Lancebill,,,
FH604,FH604_01,11/19/2013,Palicourea acetosoides,10:58:50,Green-fronted Lancebill,,,
FH604,FH604_02,11/19/2013,Palicourea acetosoides,14:02:20,UKWN,,,
FH802,FH802_01,11/6/2013,Guzmania jaramilloi,10:53:09,Violet-tailed Sylph,M,,
FH803,FH803_01,11/19/2013,Guzmania amplectans,6:03:42,Tawny-bellied Hermit,,,
FH803,FH803_01,11/19/2013,Guzmania amplectans,6:53:53,Brown Inca,,,
FH803,FH803_01,11/19/2013,Guzmania amplectans,7:48:39,Brown Inca,,,
FH803,FH803_01,11/19/2013,Guzmania amplectans,8:19:48,Brown Inca,,,
FH803,FH803_01,11/19/2013,Guzmania amplectans,9:34:25,Brown Inca,,,
FH803,FH803_01,11/19/2013,Guzmania amplectans,10:23:03,Brown Inca,,,
FH104,FH104_BU1,12/5/2013,Guzmania amplectans,6:03:36,Violet-tailed Sylph,F,,
FH104,FH104_BU1,12/5/2013,Guzmania amplectans,6:16:07,Brown Inca,,,
FH104,FH104_BU1,12/5/2013,Guzmania amplectans,6:59:15,Violet-tailed Sylph,F,,
FH105,FH105_02,12/15/2013,Centropogon solanifolius,11:50:41,Tawny-bellied Hermit,,,
FH106,FH106_01,12/19/2013,Guzmania squarasso,6:21:04,Gorgeted Sunangel,,,
FH106,FH106_01,12/19/2013,Guzmania squarasso,6:36:57,Speckled Hummingbird,,,
FH106,FH106_01,12/19/2013,Guzmania squarasso,6:51:07,Gorgeted Sunangel,,,
FH106,FH106_01,12/19/2013,Guzmania squarasso,9:44:53,Violet-tailed Sylph,F,,
FH106,FH106_01,12/19/2013,Guzmania squarasso,10:49:59,Gorgeted Sunangel,,,
FH106,FH106_01,12/19/2013,Guzmania squarasso,11:47:47,Gorgeted Sunangel,,,
FH204,FH204_BU2,12/5/2013,Centropogon solanifolius,7:38:56,Tawny-bellied Hermit,,,
FH204,FH204_BU1,12/5/2013,Centropogon solanifolius,13:40:30,Tawny-bellied Hermit,,,
FH204,FH204_BU1,12/5/2013,Centropogon solanifolius,16:02:54,Tawny-bellied Hermit,,,
FH205,FH205_01,12/19/2013,Macleania stricta,7:59:51,Gorgeted Sunangel,,,
FH205,FH205_01,12/19/2013,Macleania stricta,10:14:35,Gorgeted Sunangel,,,
FH205,FH205_01,12/19/2013,Macleania stricta,11:42:56,Speckled Hummingbird,,,
FH205,FH205_02,12/19/2013,Macleania stricta,13:37:05,Gorgeted Sunangel,,,
FH205,FH205_02,12/19/2013,Macleania stricta,16:57:50,UKWN,,,
FH304,FH304_01,12/4/2013,Columnea kucinyakii,7:40:42,Tawny-bellied Hermit,,,
FH304,FH304_01,12/4/2013,Columnea kucinyakii,7:44:03,Violet-tailed Sylph,M,Y,
FH304,FH304_01,12/4/2013,Columnea kucinyakii,7:52:33,Tawny-bellied Hermit,,,
FH304,FH304_01,12/4/2013,Columnea kucinyakii,8:12:10,Violet-tailed Sylph,,Y,
FH304,FH304_01,12/4/2013,Columnea kucinyakii,9:51:04,Violet-tailed Sylph,M,Y,
FH304,FH304_01,12/4/2013,Columnea kucinyakii,10:13:14,Violet-tailed Sylph,F,Y,
FH304,FH304_01,12/4/2013,Columnea kucinyakii,14:06:23,Violet-tailed Sylph,F,Y,
FH304,FH304_01,12/4/2013,Columnea kucinyakii,14:27:39,Violet-tailed Sylph,M,Y,
FH304,FH304_01,12/4/2013,Columnea kucinyakii,16:54:02,Violet-tailed Sylph,M,Y,
FH304,FH304_01,12/4/2013,Columnea kucinyakii,17:17:01,Tawny-bellied Hermit,,,
FH304,FH304_BU1,12/5/2013,Columnea kucinyakii,9:43:11,Violet-tailed Sylph,M,Y,
FH304,FH304_BU1,12/5/2013,Columnea kucinyakii,11:23:30,Tawny-bellied Hermit,,,
FH304,FH304_BU2,12/5/2013,Columnea kucinyakii,12:59:56,Tawny-bellied Hermit,,,
FH304,FH304_BU2,12/5/2013,Columnea kucinyakii,14:00:58,Violet-tailed Sylph,F,Y,
FH304,FH304_BU2,12/5/2013,Columnea kucinyakii,14:55:07,Tawny-bellied Hermit,,,
FH304,FH304_BU2,12/5/2013,Columnea kucinyakii,15:59:07,Violet-tailed Sylph,M,Y,
FH306,FH306_01,12/19/2013,Fucschia macrostigma,8:54:59,Tawny-bellied Hermit,,,
FH306,FH306_01,12/19/2013,Fucschia macrostigma,10:29:03,Tawny-bellied Hermit,,,
FH404,FH404_01,12/4/2013,Fucschia macrostigma,11:11:28,Tawny-bellied Hermit,,,
FH404,FH404_02,12/4/2013,Fucschia macrostigma,12:48:38,Tawny-bellied Hermit,,,
FH404,FH404_02,12/4/2013,Fucschia macrostigma,15:45:09,Violet-tailed Sylph,M,Y,
FH404,FH404_02,12/4/2013,Fucschia macrostigma,4:29:37,Brown Inca,,,
FH505,FH505_01,12/4/2013,Palicourea acetosoides,7:51:53,Green-fronted Lancebill,,,
FH505,FH505_01,12/4/2013,Palicourea acetosoides,8:28:34,Green-fronted Lancebill,,,
FH506,FH506_01,12/19/2013,Drymonia tenuis,10:15:34,Brown Inca,,,
FH506,FH506_01,12/19/2013,Drymonia tenuis,17:16:31,Brown Inca,,,
FH606,FH606_01,12/15/2013,Gasteranthus quitensis,11:17:05,Violet-tailed Sylph,M,,
FH607,FH607_01,12/19/2013,Glossoloma oblongicalyx,10:09:04,Gorgeted Sunangel,,,
FH607,FH607_02,12/19/2013,Glossoloma oblongicalyx,14:00:43,Gorgeted Sunangel,,,
FH607,FH607_02,12/19/2013,Glossoloma oblongicalyx,17:17:39,Gorgeted Sunangel,,,
FH704,FH704_01,12/4/2013,Drymonia collegarum,7:15:38,Violet-tailed Sylph,M,Y,
FH704,FH704_01,12/4/2013,Drymonia collegarum,7:33:31,Brown Inca,,,
FH704,FH704_01,12/4/2013,Drymonia collegarum,10:45:04,Violet-tailed Sylph,M,y,
FH804,FH804_01,12/5/2013,Burmiesteria,7:10:40,Violet-tailed Sylph,F,,
FH804,FH804_02,12/5/2013,Burmiesteria,15:43:10,Violet-tailed Sylph,,,
FH805,FH805_01,12/19/2013,Guzmania squarraso,6:29:49,Collared Inca,,,
FH805,FH805_01,12/19/2013,Guzmania squarraso,7:50:18,Collared Inca,,,
FH805,FH805_01,12/19/2013,Guzmania squarraso,8:42:58,UKWN,,,
FH805,FH805_01,12/19/2013,Guzmania squarraso,8:49:16,Violet-tailed Sylph,F,,
FH805,FH805_01,12/19/2013,Guzmania squarraso,8:57:42,Brown Inca,,,
FH805,FH805_01,12/19/2013,Guzmania squarraso,9:08:32,Speckled Hummingbird,,,
FH805,FH805_01,12/19/2013,Guzmania squarraso,9:24:44,Tawny-bellied Hermit,,,
FH805,FH805_01,12/19/2013,Guzmania squarraso,9:41:45,Speckled Hummingbird,,,
FH805,FH805_01,12/19/2013,Guzmania squarraso,9:50:40,Tawny-bellied Hermit,,,
FH805,FH805_01,12/19/2013,Guzmania squarraso,10:17:50,Speckled Hummingbird,,,
FH805,FH805_01,12/19/2013,Guzmania squarraso,10:49:51,Tawny-bellied Hermit,,,
FH805,FH805_01,12/19/2013,Guzmania squarraso,11:13:43,Speckled Hummingbird,,,
FH805,FH805_01,12/19/2013,Guzmania squarraso,11:18:27,UKWN,,,
FH805,FH805_02,12/19/2013,Guzmania squarraso,12:33:13,Speckled Hummingbird,,,
FH805,FH805_02,12/19/2013,Guzmania squarraso,13:54:57,UKWN,,,
FH107,FH107_01,1/8/2014,Renealmia sessifolia,10:36:24,Speckled Hummingbird,,,
FH107,FH107_01,1/8/2014,Renealmia sessifolia,11:03:01,UKWN,,,
FH107,FH107_01,1/8/2014,Renealmia sessifolia,11:22:33,UKWN,,,
FH107,FH107_01,1/8/2014,Renealmia sessifolia,12:41:16,UKWN,,,
FH107,FH107_01,1/8/2014,Renealmia sessifolia,13:24:42,UKWN,,,
FH107,FH107_01,1/8/2014,Renealmia sessifolia,15:13:07,UKWN,,,
FH108,FH108_01,1/8/2014,Columnea ciliata,7:03:04,UKWN,,,
FH108,FH108_01,1/8/2014,Columnea ciliata,11:09:29,Tawny-bellied Hermit,,,
FH109,FH109_02,1/28/2014,Columnea kucinyakii,12:50:50,Violet-tailed Sylph,,,
FH206,FH206_02,1/2/2014,Psammisia aberrans,16:31:53,Brown Inca,,,
FH207,FH207_01,1/8/2014,Columnea kucinyakii,7:06:07,Tawny-bellied Hermit,,,
FH207,FH207_01,1/8/2014,Columnea kucinyakii,8:03:56,Tawny-bellied Hermit,,,
FH207,FH207_01,1/8/2014,Columnea kucinyakii,9:25:30,Tawny-bellied Hermit,,,
FH207,FH207_02,1/8/2014,Columnea kucinyakii,13:32:25,Tawny-bellied Hermit,,,
FH207,FH207_02,1/8/2014,Columnea kucinyakii,14:19:50,Tawny-bellied Hermit,,,
FH207,FH207_02,1/8/2014,Columnea kucinyakii,15:38:55,Tawny-bellied Hermit,,,
FH207,FH207_02,1/8/2014,Columnea kucinyakii,16:31:54,Tawny-bellied Hermit,,,
FH207,FH207_02,1/8/2014,Columnea kucinyakii,17:16:45,Brown Inca,,,
FH308,FH308_01,1/8/2014,Capanea affinis,10:52:16,Violet-tailed Sylph,M,Y,
FH308,FH308_02,1/8/2014,Capanea affinis,3:58:20,Violet-tailed Sylph,F,Y,
FH408,FH408_01,1/21/2014,Columnea kucinyakii,7:46:03,Brown Inca,,,
FH408,FH408_02,1/21/2014,Columnea kucinyakii,12:44:40,Brown Inca,,,
FH408,FH408_02,1/21/2014,Columnea kucinyakii,14:24:17,Brown Inca,,,
FH408,FH408_02,1/21/2014,Columnea kucinyakii,16:40:03,Brown Inca,,,
FH507,FH507_01,1/1/2014,Columnea kucinyakii,8:23:09,Violet-tailed Sylph,M,Y,
FH507,FH507_02,1/1/2014,Columnea kucinyakii,6:11:25,Brown Inca,,Y,
FH509,FH508_01,1/1/2014,Columnea ciliata,6:43:05,Brown Inca,,,
FH509,FH508_01,1/8/2014,Columnea ciliata,8:01:35,Tawny-bellied Hermit,,,
FH509,FH509_01,1/21/2014,Guzmania jaramilloi,9:44:12,Violet-tailed Sylph,,,
FH509,FH509_01,1/21/2014,Guzmania jaramilloi,10:06:23,Violet-tailed Sylph,,,
FH509,FH509_01,1/21/2014,Guzmania jaramilloi,10:46:35,Violet-tailed Sylph,,,
FH509,FH509_01,1/21/2014,Guzmania jaramilloi,11:10:30,Violet-tailed Sylph,,,
FH509,FH509_01,1/21/2014,Guzmania jaramilloi,12:54:19,Booted Racket-tail,,,
FH509,FH509_01,1/21/2014,Guzmania jaramilloi,13:24:13,Booted Racket-tail,,,
FH509,FH509_01,1/21/2014,Guzmania jaramilloi,13:46:25,Violet-tailed Sylph,,,
FH509,FH509_01,1/21/2014,Guzmania jaramilloi,14:53:32,Violet-tailed Sylph,F,,
FH509,FH509_01,1/21/2014,Guzmania jaramilloi,16:12:44,Violet-tailed Sylph,,,
FH509,FH509_01,1/21/2014,Guzmania jaramilloi,17:24:16,Violet-tailed Sylph,,,
FH608,FH608_01,1/8/2014,Centropogon solanifolius,6:09:58,Tawny-bellied Hermit,,,
FH608,FH608_01,1/8/2014,Centropogon solanifolius,8:20:18,Violet-tailed Sylph,M,Y,
FH706,FH706_01,1/8/2014,Mezobromelia capitliguera,7:15:22,Gorgeted Sunangel,,,
FH706,FH706_01,1/8/2014,Mezobromelia capitliguera,8:28:54,Gorgeted Sunangel,,,
FH706,FH706_01,1/8/2014,Mezobromelia capitliguera,9:55:58,Brown Inca,,,
FH706,FH706_01,1/8/2014,Mezobromelia capitliguera,10:11:53,Gorgeted Sunangel,,,
FH707,FH707_01,1/21/2014,Columnea ciliata,9:36:54,Violet-tailed Sylph,M,,
FH110,FH110_01,2/12/2014,Drymonia tenuis,8:04:50,Gorgeted Sunangel,,,
FH110,FH110_01,2/12/2014,Drymonia tenuis,11:31:28,Violet-tailed Sylph,,,
FH111,FH111_01,2/27/2014,Gasteranthus quitensis,7:43:48,Speckled Hummingbird,,,
FH209,FH209_01,2/12/2014,Fucschia macrostigma,9:11:01,Tawny-bellied Hermit,,,
FH310,FH310_01,2/12/2014,Gasteranthus wendalalius,9:12:32,Violet-tailed Sylph,F,Y,
FH310,FH310_02,2/12/2014,Gasteranthus wendalalius,13:04:06,Violet-tailed Sylph,F,Y,
FH409,FH409_01,2/12/2014,Renealmia sessifolia,6:32:30,Speckled Hummingbird,,,
FH409,FH409_01,2/12/2014,Renealmia sessifolia,9:27:44,Speckled Hummingbird,,,
FH409,FH409_02,2/12/2014,Renealmia sessifolia,12:31:18,UKWN,,,
FH409,FH409_02,2/12/2014,Renealmia sessifolia,15:25:00,UKWN,,,
FH410,FH410_01,2/27/2014,Palicourea acetosoides,8:22:57,Green-fronted Lancebill,,,
FH410,FH410_01,2/27/2014,Palicourea acetosoides,8:46:08,Violet-tailed Sylph,F,,
FH410,FH410_01,2/27/2014,Palicourea acetosoides,9:37:59,Green-fronted Lancebill,,,
FH410,FH410_01,2/27/2014,Palicourea acetosoides,10:58:08,Green-fronted Lancebill,,,
FH510,FH510_01,2/12/2014,Columnea Strigosa,8:11:31,UKWN,,,
FH510,FH510_01,2/12/2014,Columnea Strigosa,12:53:26,Violet-tailed Sylph,F,Y,
FH511,FH511_01,2/27/2014,Centropogon solanifolius,8:25:14,Tawny-bellied Hermit,,,
FH511,FH511_01,2/27/2014,Centropogon solanifolius,10:23:09,Violet-tailed Sylph,,Y,
FH511,FH511_01,2/27/2014,Centropogon solanifolius,10:56:17,Tawny-bellied Hermit,,,
FH511,FH511_01,2/27/2014,Centropogon solanifolius,11:28:59,Tawny-bellied Hermit,,,
FH511,FH511_01,2/27/2014,Centropogon solanifolius,17:09:05,Violet-tailed Sylph,F,Y,
FH611,FH611_01,2/27/2014,Renealmia sessifolia,7:20:17,Gorgeted Sunangel,,,
FH611,FH611_01,2/27/2014,Renealmia sessifolia,8:22:58,Speckled Hummingbird,,,
FH611,FH611_01,2/27/2014,Renealmia sessifolia,10:40:52,Gorgeted Sunangel,,,
FH708,FH708_01,2/12/2014,Drymonia tenuis,8:09:35,UKWN,,,
FH708,FH708_01,2/12/2014,Drymonia tenuis,9:37:59,UKWN,,,
FH708,FH708_01,2/12/2014,Drymonia tenuis,11:04:15,Speckled Hummingbird,,,
FH708,FH708_02,2/12/2014,Drymonia tenuis,12:40:26,UKWN,,,
FH709,FH709_01,2/27/2014,Mezobromelia capitliguera,6:12:02,Brown Inca,,,
FH709,FH709_01,2/27/2014,Mezobromelia capitliguera,6:18:28,Brown Inca,,,
FH709,FH709_01,2/27/2014,Mezobromelia capitliguera,6:29:10,Brown Inca,,,
FH709,FH709_01,2/27/2014,Mezobromelia capitliguera,6:47:08,Violet-tailed Sylph,F,,
FH709,FH709_01,2/27/2014,Mezobromelia capitliguera,6:49:33,Brown Inca,,,
FH709,FH709_01,2/27/2014,Mezobromelia capitliguera,7:03:08,Violet-tailed Sylph,F,,
FH709,FH709_01,2/27/2014,Mezobromelia capitliguera,7:06:19,Brown Inca,,,
FH709,FH709_01,2/27/2014,Mezobromelia capitliguera,7:15:42,Brown Inca,,,
FH709,FH709_01,2/27/2014,Mezobromelia capitliguera,7:20:15,Fawn-breasted Brilliant,M,,
FH709,FH709_01,2/27/2014,Mezobromelia capitliguera,7:26:01,Brown Inca,,,
FH709,FH709_01,2/27/2014,Mezobromelia capitliguera,7:34:13,Violet-tailed Sylph,,,
FH709,FH709_01,2/27/2014,Mezobromelia capitliguera,7:45:35,Brown Inca,,,
FH709,FH709_01,2/27/2014,Mezobromelia capitliguera,7:52:00,Brown Inca,,,
FH709,FH709_01,2/27/2014,Mezobromelia capitliguera,8:08:13,Violet-tailed Sylph,,,
FH709,FH709_01,2/27/2014,Mezobromelia capitliguera,8:14:34,Brown Inca,,,
FH709,FH709_01,2/27/2014,Mezobromelia capitliguera,8:21:10,Violet-tailed Sylph,M,Y,
FH709,FH709_01,2/27/2014,Mezobromelia capitliguera,8:29:30,Brown Inca,,,
FH709,FH709_01,2/27/2014,Mezobromelia capitliguera,8:36:53,Violet-tailed Sylph,M,Y,
FH709,FH709_01,2/27/2014,Mezobromelia capitliguera,8:42:10,Brown Inca,,,
FH709,FH709_01,2/27/2014,Mezobromelia capitliguera,8:58:40,Violet-tailed Sylph,,,
FH709,FH709_01,2/27/2014,Mezobromelia capitliguera,9:00:55,Brown Inca,,,
FH709,FH709_01,2/27/2014,Mezobromelia capitliguera,9:08:51,Violet-tailed Sylph,F,Y,
FH709,FH709_01,2/27/2014,Mezobromelia capitliguera,9:14:16,Brown Inca,,,
FH709,FH709_01,2/27/2014,Mezobromelia capitliguera,9:33:19,Violet-tailed Sylph,,,
FH709,FH709_01,2/27/2014,Mezobromelia capitliguera,9:42:15,Brown Inca,,,
FH709,FH709_01,2/27/2014,Mezobromelia capitliguera,9:49:44,Violet-tailed Sylph,F,Y,
FH709,FH709_01,2/27/2014,Mezobromelia capitliguera,9:57:43,Brown Inca,,,
FH709,FH709_01,2/27/2014,Mezobromelia capitliguera,10:02:21,Violet-tailed Sylph,,Y,
FH709,FH709_01,2/27/2014,Mezobromelia capitliguera,10:10:37,Brown Inca,,,
FH709,FH709_01,2/27/2014,Mezobromelia capitliguera,10:12:46,Violet-tailed Sylph,,Y,
FH709,FH709_01,2/27/2014,Mezobromelia capitliguera,10:20:37,Brown Inca,,,
FH709,FH709_01,2/27/2014,Mezobromelia capitliguera,10:30:14,Violet-tailed Sylph,,Y,
FH709,FH709_01,2/27/2014,Mezobromelia capitliguera,10:57:02,Violet-tailed Sylph,,Y,
FH709,FH709_01,2/27/2014,Mezobromelia capitliguera,11:22:24,Violet-tailed Sylph,,Y,
FH709,FH709_01,2/27/2014,Mezobromelia capitliguera,11:47:21,Brown Inca,,,
FH709,FH709_01,2/27/2014,Mezobromelia capitliguera,12:40:53,Brown Inca,,,
FH709,FH709_01,2/27/2014,Mezobromelia capitliguera,12:45:59,Violet-tailed Sylph,,Y,
FH709,FH709_01,2/27/2014,Mezobromelia capitliguera,13:33:13,Violet-tailed Sylph,,Y,
FH709,FH709_01,2/27/2014,Mezobromelia capitliguera,14:00:48,Brown Inca,,,
FH808,FH808_02,2/12/2014,Bomarea pardina,14:07,Brown Inca,,,
FH211,FH211_01,3/11/2014,Gasteranthus wendalalius,11:23:05,Violet-tailed Sylph,,Y,
FH211,FH211_01,3/11/2014,Gasteranthus wendalalius,17:58:30,Violet-tailed Sylph,,Y,
FH312,FH312_01,3/11/2014,Mezobromelia capitliguera,6:49:15,Violet-tailed Sylph,,,
FH312,FH312_01,3/11/2014,Mezobromelia capitliguera,8:47:56,Fawn-breasted Brilliant,,,
FH312,FH312_01,3/11/2014,Mezobromelia capitliguera,10:56:36,Brown Inca,,,
FH411,FH411_02,3/11/2014,Kohleria,15:00:18,Tawny-bellied Hermit,,,
FH512,FH512_01,3/11/2014,Kohleria affinis,8:43:42,Violet-tailed Sylph,,Y,
FH512,FH512_01,3/11/2014,Kohleria affinis,12:57:17,Violet-tailed Sylph,,Y,
FH512,FH512_01,3/11/2014,Kohleria affinis,13:30:28,Brown Inca,,,
FH512,FH512_01,3/11/2014,Kohleria affinis,14:09:12,Violet-tailed Sylph,,Y,
FH512,FH512_01,3/11/2014,Kohleria affinis,15:59:43,Violet-tailed Sylph,,Y,
FH512,FH512_01,3/11/2014,Columnea ciliata,17:42:57,Tawny-bellied Hermit,,,
FH810,FH810_01,3/11/2014,Renealmia sessifolia,11:28:19,UKWN,,,
NF017,131214AA,12/14/2013,Columnea cinerea,6:29:04,White-whiskered Hermit,,,
NF017,131214AA,12/14/2013,Columnea cinerea,8:57:27,White-whiskered Hermit,,,
NF017,131214AB,12/14/2013,Columnea cinerea,15:28:57,White-whiskered Hermit,,,
NF017,131214AB,12/15/2013,Columnea cinerea,8:52:17,White-whiskered Hermit,,,
NF017,131214AB,12/15/2013,Columnea cinerea,11:53:03,White-whiskered Hermit,,,
NF017,131214AB,12/15/2013,Columnea cinerea,13:58:00,White-whiskered Hermit,,,
NF018,131215AA,12/15/2013,Psammisia aberrans,9:18:38,White-whiskered Hermit,,,
NF2,131116AB,11/6/2013,Salvia quitensis,13:18:32,Stripe-throated Hermit,,,
NF003,131116AC,11/16/2013,Psammisia aberrans,14:19:17,UKWN,,,
NF003,131116AC,11/16/2013,Psammisia aberrans,16:49:30,UKWN,,,
NF2,131117AA,11/17/2013,Salvia quitensis,6:41:56,Stripe-throated Hermit,,,
NF2,131117AA,11/17/2013,Salvia quitensis,8:21:56,Stripe-throated Hermit,,,
NF003,131117AB,11/17/2013,Psammisia aberrans,15:43:49,Brown Inca,,,
NF003,131117AB,11/17/2013,Psammisia aberrans,16:49:03,Tawny-bellied Hermit,,,
NF026,131221AA,12/21/2013,Stromantheus stromanthe,9:49:11,Stripe-throated Hermit,,,
NF026,131221AA,12/21/2013,Stromantheus stromanthe,11:39:21,Stripe-throated Hermit,,,
NF026,131221AA,12/21/2013,Stromantheus stromanthe,12:33:42,Stripe-throated Hermit,,,
NF026,131221AA,12/21/2013,Stromantheus stromanthe,14:56:02,Green-crowned Woodnymph,,,
NF026,131221AA,12/21/2013,Stromantheus stromanthe,15:05:12,Stripe-throated Hermit,,,
NF026,131221AA,12/22/2013,Stromantheus stromanthe,7:02:08,Green-crowned Woodnymph,,,
NF026,131221AA,12/22/2013,Stromantheus stromanthe,8:26:46,Stripe-throated Hermit,,,
NF026,131221AA,12/22/2013,Stromantheus stromanthe,10:22:28,Green-crowned Woodnymph,,,
NF026,131221AA,12/22/2013,Stromantheus stromanthe,14:00:06,Stripe-throated Hermit,,,
NF026,131221AA,12/22/2013,Stromantheus stromanthe,15:10:43,Booted Racket-tail,,,
NF026,131221AA,12/22/2013,Stromantheus stromanthe,16:41:31,Booted Racket-tail,,,
NF026,131221AB,12/21/2013,Palicourea demissa,10:57:30,Green-crowned Woodnymph,,,
NF026,131221AB,12/21/2013,Palicourea demissa,17:43:31,Green-crowned Woodnymph,,,
NF026,131221AB,12/22/2013,Palicourea demissa,6:19:04,White-whiskered Hermit,,,
NF026,131221AB,12/22/2013,Palicourea demissa,6:19:27,Rufous-throated Hummingbird,,,
NF026,131221AB,12/22/2013,Palicourea demissa,6:25:04,Green-crowned Woodnymph,,,
NF026,131221AB,12/22/2013,Palicourea demissa,6:48:41,Green-crowned Woodnymph,,,
NF026,131221AB,12/22/2013,Palicourea demissa,7:28:21,Green-crowned Woodnymph,,,
NF027,131221AA,12/21/2013,Columnea cinerea,9:48:55,UKWN,,,
NF027,131221AA,12/21/2013,Columnea cinerea,10:55:16,Stripe-throated Hermit,,Y,
NF027,131221AA,12/21/2013,Columnea cinerea,10:57:10,Stripe-throated Hermit,,Y,
NF027,131221AA,12/21/2013,Columnea cinerea,13:51:41,Stripe-throated Hermit,,Y,
NF027,131221AA,12/22/2013,Columnea cinerea,16:42:51,White-whiskered Hermit,,,
NF029,131221AB,12/21/2013,Columnea ciliata,15:28:53,Stripe-throated Hermit,,Y,
NF029,131221AB,12/21/2013,Columnea ciliata,16:24:05,Tawny-bellied Hermit,,,
NF029,131222AA,12/22/2013,Columnea ciliata,6:03:41,Tawny-bellied Hermit,,,
NF029,131222AA,12/22/2013,Columnea ciliata,9:17:32,Tawny-bellied Hermit,,,
NF029,131222AA,12/22/2013,Columnea ciliata,13:43:03,Stripe-throated Hermit,,Y,
NF031,131221AA,12/21/2013,Guzmania amplectans,10:46:53,White-whiskered Hermit,,,
NF009,131130AA,11/30/2013,Stromantheus stromanthe,7:30:50,Stripe-throated Hermit,,,
NF009,131130AA,11/30/2013,Stromantheus stromanthe,9:14:51,Stripe-throated Hermit,,,
NF009,131130AA,11/30/2013,Stromantheus stromanthe,10:19:18,UKWN,,,
NF009,131130AA,11/30/2013,Stromantheus stromanthe,11:09:11,Stripe-throated Hermit,,,
NF009,131130AB,11/30/2013,Stromantheus stromanthe,12:59:46,Stripe-throated Hermit,,,
NF010,131130AA,11/30/2013,Columnea cinerea,6:22:58,White-whiskered Hermit,,,
NF010,131130AA,11/30/2013,Columnea cinerea,8:47:33,White-whiskered Hermit,,,
NF010,131130AA,12/1/2013,Columnea cinerea,7:34:14,White-whiskered Hermit,,,
NF011,131130AA,11/30/2013,Heliconia griggsianna,6:02:13,Tawny-bellied Hermit,,,
NF011,131130AA,11/30/2013,Heliconia griggsianna,6:28:13,Tawny-bellied Hermit,,,
NF011,131130AA,11/30/2013,Heliconia griggsianna,7:40:07,Tawny-bellied Hermit,,,
NF011,131130AA,11/30/2013,Heliconia griggsianna,8:40:53,Tawny-bellied Hermit,,,
NF011,131130AA,11/30/2013,Heliconia griggsianna,9:06:45,Tawny-bellied Hermit,,,
NF011,131130AA,11/30/2013,Heliconia griggsianna,9:38:33,Tawny-bellied Hermit,,,
NF011,131130AA,11/30/2013,Heliconia griggsianna,10:01:44,White-whiskered Hermit,,,
NF011,131130AA,11/30/2013,Heliconia griggsianna,10:07:17,Tawny-bellied Hermit,,,
NF011,131130AA,11/30/2013,Heliconia griggsianna,10:33:42,Tawny-bellied Hermit,,,
NF011,131130AA,11/30/2013,Heliconia griggsianna,11:18:22,Tawny-bellied Hermit,,,
NF011,131130AB,11/30/2013,Heliconia griggsianna,2:50:55,Tawny-bellied Hermit,,,
NF012,131130AB,11/30/2013,Columnia ciliata,16:47:32,UKWN,,,
NF012,131130AB,12/1/2013,Columnia ciliata,14:52:18,Stripe-throated Hermit,,Y,
NF013,131130AA,11/30/2013,Guzmania amplectans,8:11:31,White-whiskered Hermit,,,
NF013,131130AA,11/30/2013,Guzmania amplectans,9:54:11,White-whiskered Hermit,,,
NF013,131130AA,12/1/2013,Guzmania amplectans,6:35:19,White-whiskered Hermit,,,
NF013,131130AA,12/1/2013,Guzmania amplectans,8:27:08,White-whiskered Hermit,,,
NF014,131201AA,12/1/2013,Glossoloma purpureum,8:02:32,Tawny-bellied Hermit,,,
NF015,131120AB,11/30/2013,Columnea cinerea,15:15:41,Tawny-bellied Hermit,,,
NF015,131120AB,12/1/2013,Columnea cinerea,8:00:37,Tawny-bellied Hermit,,,
NF016,131130AA,11/30/2013,Guzmania jaramilloi,8:26:29,Brown Inca,,,
NF016,131130AA,11/30/2013,Guzmania jaramilloi,9:43:20,Brown Inca,,,
NF016,131130AA,11/30/2013,Guzmania jaramilloi,10:36:57,Violet-tailed Sylph,,,
NF016,131130AA,11/30/2013,Guzmania jaramilloi,11:05:59,Brown Inca,,,
NF016,131130AA,11/30/2013,Guzmania jaramilloi,11:24:17,Violet-tailed Sylph,F,,
NF016,131130AB,11/30/2013,Guzmania jaramilloi,15:04:39,Violet-tailed Sylph,F,,
NF016,131130AB,11/30/2013,Guzmania jaramilloi,17:38:54,Violet-tailed Sylph,F,,
NF016,131201AB,12/1/2013,Guzmania jaramilloi,7:59:12,Green-crowned Brilliant,,,
NF016,131201AB,12/1/2013,Guzmania jaramilloi,9:02:31,Violet-tailed Sylph,,,
NF016,131201AB,12/1/2013,Guzmania jaramilloi,16:33:14,Green-crowned Brilliant,,,
NF033,140118AB,1/18/2014,Columnea ciliata,16:57:25,Stripe-throated Hermit,,Y,
NF034,140118AA,1/18/2014,Columnea picta,11:21:01,Stripe-throated Hermit,,Y,
NF036,140118AA,1/18/2014,Columnea picta,9:41:42,Stripe-throated Hermit,,Y,
NF049,140217AA,2/17/2014,Pitcairnia nigra,10:31:48,Green-crowned Woodnymph,,,
NF050,140215AA,2/15/2014,Gasteranthus quitensis,7:55:31,Stripe-throated Hermit,,,
NF050,140215AA,2/15/2014,Gasteranthus quitensis,14:29:33,Booted Racket-tail,,,
NF052,140215AB,2/15/2014,Columnea ciliata,13:41:36,Tawny-bellied Hermit,,,
NF056,140215AA,2/15/2014,Columnea kucinyakii,9:41:26,Violet-tailed Sylph,,,
NF056,140215AA,2/15/2014,Columnea kucinyakii,10:20:28,Tawny-bellied Hermit,,,
NF056,140215AB,2/15/2014,Columnea kucinyakii,13:20:57,Tawny-bellied Hermit,,,
NF056,140215AB,2/15/2014,Columnea kucinyakii,16:55:26,Tawny-bellied Hermit,,,
NF056,140216AA,2/16/2014,Columnea kucinyakii,7:58:24,Violet-tailed Sylph,,Y,
NF056,140216AA,2/16/2014,Columnea kucinyakii,8:08:42,Tawny-bellied Hermit,,,
NF056,140216AA,2/16/2014,Columnea kucinyakii,11:11:34,Violet-tailed Sylph,,Y,
NF056,140216AA,2/16/2014,Columnea kucinyakii,11:26:08,Tawny-bellied Hermit,,,
NF056,140216AB,2/16/2014,Columnea kucinyakii,14:02:43,Tawny-bellied Hermit,,,
NF034,140118AA,1/18/2014,Columnea picta,11:21:01,Stripe-throated Hermit,,,
NF037,140118AA,1/18/2014,Centropogon solanifolius,11:57:22,Tawny-bellied Hermit,,,
NF037,140118AA,1/18/2014,Centropogon solanifolius,16:17:43,Tawny-bellied Hermit,,,
NF037,140119AB,1/19/2014,Centropogon solanifolius,17:16:37,Tawny-bellied Hermit,,,
NF039,140119AA,1/19/2013,Guzmania jaramilloi,10:53:03,Booted Racket-tail,,,
NF057,140223AA,2/23/2014,Columnea ciliata,7:58:51,Tawny-bellied Hermit,,,
NF057,140223AA,2/23/2014,Columnea ciliata,10:50:51,Stripe-throated Hermit,,,
NF057,140223AB,2/23/2014,Columnea ciliata,15:25:22,UKWN,,,
NF057,140224AA,2/24/2014,Columnea ciliata,8:15:00,Tawny-bellied Hermit,,,
NF058,140223AA,2/23/2014,Palicourea demissa,7:36:15,Green-crowned Woodnymph,,,
NF058,140223AA,2/23/2014,Palicourea demissa,8:19:33,Green-crowned Woodnymph,,,
NF058,140223AA,2/23/2014,Palicourea demissa,8:52:07,Green-crowned Woodnymph,,,
NF058,140223AA,2/23/2014,Palicourea demissa,9:49:44,Green-crowned Woodnymph,,,
NF058,140223AA,2/23/2014,Palicourea demissa,10:39:45,Booted Racket-tail,F,,
NF059,140223AA,2/23/2014,Columnea ciliata,8:33:09,White-whiskered Hermit,,,
NF059,140224AB,2/24/2014,Columnea ciliata,14:14:08,Stripe-throated Hermit,,Y,
NF059,140224AB,2/24/2014,Columnea ciliata,15:04:04,White-whiskered Hermit,,,
NF059,140226AA,2/26/2014,Columnea ciliata,10:31:59,Stripe-throated Hermit,,Y,
NF059,140226AB,2/26/2014,Columnea ciliata,14:20:08,Stripe-throated Hermit,,Y,
NF059,140226AB,2/26/2014,Columnea ciliata,15:36:28,Stripe-throated Hermit,,Y,
NF059,140227AA,2/27/2014,Columnea,7:50:35,White-whiskered Hermit,,,
NF059,140227AA,2/27/2014,Columnea,7:50:35,UKWN,,,
NF060,140223AA,2/23/2014,Centropogon solanifolius,7:24:38,UKWN,,,
NF060,140223AA,2/23/2014,Centropogon solanifolius,8:56:48,Tawny-bellied Hermit,,,
NF060,140223AA,2/24/2014,Centropogon solanifolius,6:40:40,Tawny-bellied Hermit,,,
NF060,140223AA,2/24/2014,Centropogon solanifolius,7:59:48,Tawny-bellied Hermit,,,
NF060,140223AA,2/24/2014,Centropogon solanifolius,11:41:37,Tawny-bellied Hermit,,,
NF060,140223AA,2/24/2014,Centropogon solanifolius,14:41:06,Tawny-bellied Hermit,,,
NF041,140125AA,1/25/2014,Heliconia griggsianna ,8:35:17,White-whiskered Hermit,,,
NF041,140125AA,1/25/2014,Heliconia griggsianna ,9:02:46,Wedge-billed Hummingbird,,,
NF041,140125AA,1/25/2014,Heliconia griggsianna ,9:25:17,Wedge-billed Hummingbird,,,
NF041,140125AA,1/25/2014,Heliconia griggsianna ,9:27:34,White-whiskered Hermit,,,
NF041,140125AA,1/25/2014,Heliconia griggsianna ,10:03:41,White-whiskered Hermit,,,
NF041,140125AA,1/25/2014,Heliconia griggsianna ,10:38:56,White-whiskered Hermit,,,
NF041,140125AA,1/25/2014,Heliconia griggsianna ,10:58:14,Wedge-billed Hummingbird,,,
NF041,140125AA,1/25/2014,Heliconia griggsianna ,12:33:14,Wedge-billed Hummingbird,,,
NF041,140125AB,1/25/2014,Heliconia griggsianna ,15:05:53,Stripe-throated Hermit,,,
NF041,140125AB,1/25/2014,Heliconia griggsianna ,11:40:19,Wedge-billed Hummingbird,,,
NF044,140126AA,1/26/2014,Renealmia sessifolia,7:54:11,Stripe-throated Hermit,,,
NF044,140126AA,1/26/2014,Renealmia sessifolia,8:00:03,Booted Racket-tail,F,,
NF044,140126AA,1/26/2014,Renealmia sessifolia,8:01:07,Booted Racket-tail,M,,
NF044,140126AA,1/26/2014,Renealmia sessifolia,8:21:13,Booted Racket-tail,,,
NF044,140126AA,1/26/2014,Renealmia sessifolia,9:05:34,Booted Racket-tail,,,
NF044,140126AA,1/26/2014,Renealmia sessifolia,9:52:58,Booted Racket-tail,,,
NF044,140126AA,1/26/2014,Renealmia sessifolia,12:54:39,Green-crowned Woodnymph,,,
NF044,140126AA,1/26/2014,Renealmia sessifolia,17:10:24,UKWN,,,
NF045,140135AA,1/25/2014,Glossoloma purpureum,10:19:32,Stripe-throated Hermit,,Y,
NF045,140135AB,1/25/2014,Glossoloma purpureum,12:38:57,Stripe-throated Hermit,,,
NF045,140135AB,1/25/2014,Glossoloma purpureum,13:47:35,UKWN,,,
NF045,140135AB,1/26/2014,Glossoloma purpureum,6:48:26,UKWN,,,
NF045,140135AB,1/26/2014,Glossoloma purpureum,7:32:23,White-whiskered Hermit,,,
NF045,140135AB,1/26/2014,Glossoloma purpureum,8:09:23,White-whiskered Hermit,,,
NF045,140135AB,1/26/2014,Glossoloma purpureum,12:36:15,UKWN,,,
NF045,140135AB,1/26/2014,Glossoloma purpureum,13:56:39,UKWN,,,
NF045,140135AB,1/26/2014,Glossoloma purpureum,14:36:36,Stripe-throated Hermit,,,
